{"cameraMode":{"drawMode":0,"name":"Shaded","section":"Shading Mode"},"sceneLighting":false,"audioPlay":false,"sceneViewState":{"m_AlwaysRefresh":false,"showFog":false,"showSkybox":false,"showFlares":true,"showImageEffects":true,"showParticleSystems":true,"showVisualEffectGraphs":true,"m_FxEnabled":true},"in2DMode":false,"pivot":{"x":0.05000019073486328,"y":0.7200000286102295,"z":137.00999450683595},"rotation":{"x":-0.13489790260791779,"y":-0.0013901032507419587,"z":0.00018929554789792746,"w":-0.9908639788627625},"size":16.09855842590332,"orthographic":false}