{"cameraMode":{"drawMode":0,"name":"Shaded","section":"Shading Mode"},"sceneLighting":false,"audioPlay":false,"sceneViewState":{"m_AlwaysRefresh":false,"showFog":false,"showSkybox":false,"showFlares":true,"showImageEffects":true,"showParticleSystems":true,"showVisualEffectGraphs":true,"m_FxEnabled":true},"in2DMode":false,"pivot":{"x":0.10000038146972656,"y":0.5199999809265137,"z":133.60000610351563},"rotation":{"x":-0.1690882295370102,"y":0.12538912892341615,"z":-0.021693134680390359,"w":-0.9773573875427246},"size":16.741012573242189,"orthographic":false}