{"cameraMode":{"drawMode":0,"name":"Shaded","section":"Shading Mode"},"sceneLighting":false,"audioPlay":false,"sceneViewState":{"m_AlwaysRefresh":false,"showFog":false,"showSkybox":false,"showFlares":true,"showImageEffects":true,"showParticleSystems":true,"showVisualEffectGraphs":true,"m_FxEnabled":true},"in2DMode":false,"pivot":{"x":-3.0914571285247804,"y":1.199738621711731,"z":8.318607330322266},"rotation":{"x":-0.12299665063619614,"y":-0.005362188909202814,"z":0.000663982646074146,"w":-0.9923959374427795},"size":1.2233436107635499,"orthographic":false}