{"cameraMode":{"drawMode":0,"name":"Shaded","section":"Shading Mode"},"sceneLighting":true,"audioPlay":false,"sceneViewState":{"m_AlwaysRefresh":false,"showFog":false,"showSkybox":false,"showFlares":true,"showImageEffects":true,"showParticleSystems":true,"showVisualEffectGraphs":true,"m_FxEnabled":true},"in2DMode":false,"pivot":{"x":-0.026705503463745118,"y":1.7020738124847413,"z":6.606083393096924},"rotation":{"x":0.2940543591976166,"y":-0.014336281456053257,"z":0.004411184694617987,"w":0.9556714296340942},"size":0.9285642504692078,"orthographic":false}