{"cameraMode":{"drawMode":0,"name":"Shaded","section":"Shading Mode"},"sceneLighting":true,"audioPlay":false,"sceneViewState":{"m_AlwaysRefresh":false,"showFog":false,"showSkybox":true,"showFlares":true,"showImageEffects":true,"showParticleSystems":true,"showVisualEffectGraphs":true,"m_FxEnabled":true},"in2DMode":false,"pivot":{"x":1.1230528354644776,"y":-1.180932641029358,"z":24.93048095703125},"rotation":{"x":-0.13189256191253663,"y":-0.021709423512220384,"z":0.002889794297516346,"w":-0.9910247325897217},"size":20.170024871826173,"orthographic":false}