{"cameraMode":{"drawMode":0,"name":"Shaded","section":"Shading Mode"},"sceneLighting":true,"audioPlay":false,"sceneViewState":{"m_AlwaysRefresh":false,"showFog":false,"showSkybox":true,"showFlares":true,"showImageEffects":true,"showParticleSystems":true,"showVisualEffectGraphs":true,"m_FxEnabled":true},"in2DMode":false,"pivot":{"x":2.9004571437835695,"y":24.192949295043947,"z":11.89621353149414},"rotation":{"x":-0.15703290700912476,"y":0.03909507021307945,"z":-0.006220081355422735,"w":-0.9868025779724121},"size":-18.713525772094728,"orthographic":false}