{"cameraMode":{"drawMode":0,"name":"Shaded","section":"Shading Mode"},"sceneLighting":true,"audioPlay":false,"sceneViewState":{"m_AlwaysRefresh":false,"showFog":false,"showSkybox":true,"showFlares":true,"showImageEffects":true,"showParticleSystems":true,"showVisualEffectGraphs":true,"m_FxEnabled":true},"in2DMode":false,"pivot":{"x":44.991859436035159,"y":11.2066650390625,"z":280.06707763671877},"rotation":{"x":0.3167877197265625,"y":-0.07529974728822708,"z":0.02523764967918396,"w":0.9451687932014465},"size":234.82977294921876,"orthographic":false}