{"cameraMode":{"drawMode":0,"name":"Shaded","section":"Shading Mode"},"sceneLighting":true,"audioPlay":false,"sceneViewState":{"m_AlwaysRefresh":false,"showFog":false,"showSkybox":true,"showFlares":true,"showImageEffects":true,"showParticleSystems":true,"showVisualEffectGraphs":true,"m_FxEnabled":true},"in2DMode":false,"pivot":{"x":2.0903398990631105,"y":0.8139538764953613,"z":7.263214111328125},"rotation":{"x":0.5255181193351746,"y":-0.020414527505636216,"z":0.012615161016583443,"w":0.8504468202590942},"size":3.464725971221924,"orthographic":false}