{"cameraMode":{"drawMode":0,"name":"Shaded","section":"Shading Mode"},"sceneLighting":true,"audioPlay":false,"sceneViewState":{"m_AlwaysRefresh":false,"showFog":false,"showSkybox":true,"showFlares":true,"showImageEffects":true,"showParticleSystems":true,"showVisualEffectGraphs":true,"m_FxEnabled":true},"in2DMode":false,"pivot":{"x":0.10518774390220642,"y":-8.254653930664063,"z":17.437271118164064},"rotation":{"x":-0.2452525943517685,"y":0.015120640397071839,"z":-0.0038237629923969509,"w":-0.9693388938903809},"size":11.194192886352539,"orthographic":false}