{"cameraMode":{"drawMode":0,"name":"Shaded","section":"Shading Mode"},"sceneLighting":true,"audioPlay":false,"sceneViewState":{"m_AlwaysRefresh":false,"showFog":false,"showSkybox":true,"showFlares":true,"showImageEffects":true,"showParticleSystems":true,"showVisualEffectGraphs":true,"m_FxEnabled":true},"in2DMode":false,"pivot":{"x":-7.3023295402526859,"y":-1.5046463012695313,"z":18.54759407043457},"rotation":{"x":-0.16719023883342744,"y":0.1924748569726944,"z":-0.033299341797828677,"w":-0.9663865566253662},"size":18.922664642333986,"orthographic":false}