{"cameraMode":{"drawMode":0,"name":"Shaded","section":"Shading Mode"},"sceneLighting":true,"audioPlay":false,"sceneViewState":{"m_AlwaysRefresh":false,"showFog":false,"showSkybox":true,"showFlares":true,"showImageEffects":true,"showParticleSystems":true,"showVisualEffectGraphs":true,"m_FxEnabled":true},"in2DMode":false,"pivot":{"x":0.9061949253082275,"y":1.9904732704162598,"z":0.1564464569091797},"rotation":{"x":0.1474519670009613,"y":0.08149935305118561,"z":-0.012192826718091965,"w":0.9856342673301697},"size":2.9660251140594484,"orthographic":false}