{"cameraMode":{"drawMode":0,"name":"Shaded","section":"Shading Mode"},"sceneLighting":true,"audioPlay":false,"sceneViewState":{"m_AlwaysRefresh":false,"showFog":false,"showSkybox":true,"showFlares":true,"showImageEffects":true,"showParticleSystems":true,"showVisualEffectGraphs":true,"m_FxEnabled":true},"in2DMode":false,"pivot":{"x":0.05000019073486328,"y":0.7200000286102295,"z":137.00999450683595},"rotation":{"x":0.13921140134334565,"y":-0.056906986981630328,"z":0.008013466373085976,"w":0.9885966181755066},"size":12.915164947509766,"orthographic":false}