{"cameraMode":{"drawMode":0,"name":"Shaded","section":"Shading Mode"},"sceneLighting":true,"audioPlay":false,"sceneViewState":{"m_AlwaysRefresh":false,"showFog":false,"showSkybox":true,"showFlares":true,"showImageEffects":true,"showParticleSystems":true,"showVisualEffectGraphs":true,"m_FxEnabled":true},"in2DMode":false,"pivot":{"x":-0.8395799398422241,"y":-13.332966804504395,"z":52.586517333984378},"rotation":{"x":-0.1467772126197815,"y":0.0020744893699884416,"z":-0.000307831127429381,"w":-0.9891678094863892},"size":29.866031646728517,"orthographic":false}