{"cameraMode":{"drawMode":0,"name":"Shaded","section":"Shading Mode"},"sceneLighting":true,"audioPlay":false,"sceneViewState":{"m_AlwaysRefresh":false,"showFog":false,"showSkybox":true,"showFlares":true,"showImageEffects":true,"showParticleSystems":true,"showVisualEffectGraphs":true,"m_FxEnabled":true},"in2DMode":false,"pivot":{"x":-0.22870329022407533,"y":6.065627574920654,"z":-5.305628776550293},"rotation":{"x":-0.06625159084796906,"y":0.017058350145816804,"z":-0.0011318199103698135,"w":-0.9976595640182495},"size":12.12435531616211,"orthographic":false}