{"cameraMode":{"drawMode":0,"name":"Shaded","section":"Shading Mode"},"sceneLighting":true,"audioPlay":false,"sceneViewState":{"m_AlwaysRefresh":false,"showFog":false,"showSkybox":true,"showFlares":true,"showImageEffects":true,"showParticleSystems":true,"showVisualEffectGraphs":true,"m_FxEnabled":true},"in2DMode":false,"pivot":{"x":3.064729928970337,"y":17.019451141357423,"z":16.083637237548829},"rotation":{"x":-0.03929837420582771,"y":-0.008896078914403916,"z":0.00035015924368053675,"w":-0.9991942048072815},"size":-2.9385523796081545,"orthographic":false}