{"cameraMode":{"drawMode":0,"name":"Shaded","section":"Shading Mode"},"sceneLighting":true,"audioPlay":false,"sceneViewState":{"m_AlwaysRefresh":false,"showFog":false,"showSkybox":true,"showFlares":true,"showImageEffects":true,"showParticleSystems":true,"showVisualEffectGraphs":true,"m_FxEnabled":true},"in2DMode":false,"pivot":{"x":-3.221353769302368,"y":2.4825048446655275,"z":5.423920631408691},"rotation":{"x":-0.16450855135917664,"y":-0.024562187492847444,"z":0.0040969341062009338,"w":-0.9860692024230957},"size":3.363499879837036,"orthographic":false}