{"cameraMode":{"drawMode":0,"name":"Shaded","section":"Shading Mode"},"sceneLighting":false,"audioPlay":false,"sceneViewState":{"m_AlwaysRefresh":false,"showFog":false,"showSkybox":false,"showFlares":true,"showImageEffects":true,"showParticleSystems":true,"showVisualEffectGraphs":true,"m_FxEnabled":true},"in2DMode":false,"pivot":{"x":-0.8510823845863342,"y":0.14068317413330079,"z":-0.803368091583252},"rotation":{"x":-0.3269366919994354,"y":0.035991378128528598,"z":-0.012461921200156212,"w":-0.9442825317382813},"size":3.817301034927368,"orthographic":false}