{"cameraMode":{"drawMode":0,"name":"Shaded","section":"Shading Mode"},"sceneLighting":false,"audioPlay":false,"sceneViewState":{"m_AlwaysRefresh":false,"showFog":false,"showSkybox":false,"showFlares":true,"showImageEffects":true,"showParticleSystems":true,"showVisualEffectGraphs":true,"m_FxEnabled":true},"in2DMode":false,"pivot":{"x":11.475385665893555,"y":0.8774649500846863,"z":14.124554634094239},"rotation":{"x":-0.48164162039756777,"y":0.028119783848524095,"z":-0.015464677475392819,"w":-0.8757813572883606},"size":1.796299934387207,"orthographic":false}