{"cameraMode":{"drawMode":0,"name":"Shaded","section":"Shading Mode"},"sceneLighting":true,"audioPlay":false,"sceneViewState":{"m_AlwaysRefresh":false,"showFog":false,"showSkybox":false,"showFlares":true,"showImageEffects":true,"showParticleSystems":true,"showVisualEffectGraphs":true,"m_FxEnabled":true},"in2DMode":false,"pivot":{"x":3.1982622146606447,"y":0.48227083683013918,"z":14.806961059570313},"rotation":{"x":-0.09995558857917786,"y":-0.6563942432403565,"z":0.08835926651954651,"w":-0.7425301671028137},"size":1.5635011196136475,"orthographic":false}