{"cameraMode":{"drawMode":0,"name":"Shaded","section":"Shading Mode"},"sceneLighting":false,"audioPlay":false,"sceneViewState":{"m_AlwaysRefresh":false,"showFog":false,"showSkybox":false,"showFlares":true,"showImageEffects":true,"showParticleSystems":true,"showVisualEffectGraphs":true,"m_FxEnabled":true},"in2DMode":false,"pivot":{"x":-4.931751728057861,"y":1.1767728328704835,"z":8.327882766723633},"rotation":{"x":-0.12299665063619614,"y":-0.005362188909202814,"z":0.000663982646074146,"w":-0.9923959374427795},"size":1.2164254188537598,"orthographic":false}