{"cameraMode":{"drawMode":0,"name":"Shaded","section":"Shading Mode"},"sceneLighting":true,"audioPlay":false,"sceneViewState":{"m_AlwaysRefresh":false,"showFog":false,"showSkybox":false,"showFlares":true,"showImageEffects":true,"showParticleSystems":true,"showVisualEffectGraphs":true,"m_FxEnabled":true},"in2DMode":false,"pivot":{"x":2.760000228881836,"y":1.0900001525878907,"z":14.720001220703125},"rotation":{"x":-0.12299665063619614,"y":-0.005362188909202814,"z":0.000663982646074146,"w":-0.9923959374427795},"size":12.124356269836426,"orthographic":false}