{"cameraMode":{"drawMode":0,"name":"Shaded","section":"Shading Mode"},"sceneLighting":true,"audioPlay":false,"sceneViewState":{"m_AlwaysRefresh":false,"showFog":false,"showSkybox":false,"showFlares":true,"showImageEffects":true,"showParticleSystems":true,"showVisualEffectGraphs":true,"m_FxEnabled":true},"in2DMode":false,"pivot":{"x":1.6870144605636597,"y":1.085679292678833,"z":5.003259658813477},"rotation":{"x":0.014999463222920895,"y":0.0014992586802691222,"z":-0.000023215525288833305,"w":0.9998928904533386},"size":0.5660253763198853,"orthographic":false}