{"cameraMode":{"drawMode":0,"name":"Shaded","section":"Shading Mode"},"sceneLighting":false,"audioPlay":false,"sceneViewState":{"m_AlwaysRefresh":false,"showFog":false,"showSkybox":false,"showFlares":true,"showImageEffects":true,"showParticleSystems":true,"showVisualEffectGraphs":true,"m_FxEnabled":true},"in2DMode":false,"pivot":{"x":1.3440738916397095,"y":1.1652858257293702,"z":14.339695930480957},"rotation":{"x":-0.05571938678622246,"y":0.04700809717178345,"z":-0.0026255170814692976,"w":-0.9973461031913757},"size":0.9233435988426209,"orthographic":false}