{"cameraMode":{"drawMode":0,"name":"Shaded","section":"Shading Mode"},"sceneLighting":false,"audioPlay":false,"sceneViewState":{"m_AlwaysRefresh":false,"showFog":false,"showSkybox":false,"showFlares":true,"showImageEffects":true,"showParticleSystems":true,"showVisualEffectGraphs":true,"m_FxEnabled":true},"in2DMode":false,"pivot":{"x":-7.95444393157959,"y":0.8991538882255554,"z":21.699949264526368},"rotation":{"x":-0.48164162039756777,"y":0.028119783848524095,"z":-0.015464677475392819,"w":-0.8757813572883606},"size":1.5624237060546876,"orthographic":false}